Loss (Test),EM,Relaxed correctness,ANLS
0.20491049610394632,0.8080867924528302,0.8091943396226415,0.8237138037793743
