Loss (Test),EM,Relaxed correctness,ANLS
27.143045600686435,0.1313679245283019,0.13254716981132075,0.13516419335932742
