Loss (Test),EM,Relaxed correctness,ANLS
25.86562804536156,0.17382075471698114,0.17712264150943396,0.17847150802859738
